date,date,page_title,user,is_bot
2017-10-31 21:14:36,2017-10-31 21:14:36,2017 New York City attack,E.M.Gregory,0
2017-10-31 21:15:11,2017-10-31 21:15:11,2017 New York City attack,E.M.Gregory,0
2017-10-31 21:15:36,2017-10-31 21:15:36,2017 New York City attack,80.111.180.148,0
2017-10-31 21:16:02,2017-10-31 21:16:02,2017 New York City attack,173.54.215.179,0
2017-10-31 21:16:19,2017-10-31 21:16:19,2017 New York City attack,Knowledgekid87,0
2017-10-31 21:17:43,2017-10-31 21:17:43,2017 New York City attack,DarkNITE,0
2017-10-31 21:19:20,2017-10-31 21:19:20,2017 New York City attack,32.211.140.96,0
2017-10-31 21:19:26,2017-10-31 21:19:26,2017 New York City attack,Jr xander,0
2017-10-31 21:21:17,2017-10-31 21:21:17,2017 New York City attack,Jr xander,0
2017-10-31 21:21:32,2017-10-31 21:21:32,2017 New York City attack,Jr xander,0
2017-10-31 21:22:03,2017-10-31 21:22:03,2017 New York City attack,2017NewYearNewMe,0
2017-10-31 21:23:52,2017-10-31 21:23:52,2017 New York City attack,93.40.192.64,0
2017-10-31 21:25:26,2017-10-31 21:25:26,2017 New York City attack,Tdl1060,0
2017-10-31 21:26:30,2017-10-31 21:26:30,2017 New York City attack,Another Believer,0
2017-10-31 21:27:18,2017-10-31 21:27:18,2017 New York City attack,Ty654,0
2017-10-31 21:28:07,2017-10-31 21:28:07,2017 New York City attack,Another Believer,0
2017-10-31 21:28:22,2017-10-31 21:28:22,2017 New York City attack,Epicgenius,0
2017-10-31 21:28:37,2017-10-31 21:28:37,2017 New York City attack,Epicgenius,0
2017-10-31 21:29:33,2017-10-31 21:29:33,2017 New York City attack,PhilipTerryGraham,0
2017-10-31 21:29:49,2017-10-31 21:29:49,2017 New York City attack,Wiki13565,0
2017-10-31 21:30:30,2017-10-31 21:30:30,2017 New York City attack,Triggerhippie4,0
2017-10-31 21:30:58,2017-10-31 21:30:58,2017 New York City attack,Epicgenius,0
2017-10-31 21:31:55,2017-10-31 21:31:55,2017 New York City attack,Epicgenius,0
2017-10-31 21:32:01,2017-10-31 21:32:01,2017 New York City attack,PhilipTerryGraham,0
2017-10-31 21:32:35,2017-10-31 21:32:35,2017 New York City attack,Ty654,0
2017-10-31 21:32:48,2017-10-31 21:32:48,2017 New York City attack,E.M.Gregory,0
2017-10-31 21:33:13,2017-10-31 21:33:13,2017 New York City attack,PhilipTerryGraham,0
2017-10-31 21:33:21,2017-10-31 21:33:21,2017 New York City attack,Another Believer,0
2017-10-31 21:33:32,2017-10-31 21:33:32,2017 New York City attack,E.M.Gregory,0
2017-10-31 21:33:38,2017-10-31 21:33:38,2017 New York City attack,Another Believer,0
2017-10-31 21:34:41,2017-10-31 21:34:41,2017 New York City attack,Another Believer,0
2017-10-31 23:46:41,2017-10-31 23:46:41,2017 New York City attack,RMCD bot,1
2017-10-31 23:57:11,2017-10-31 23:57:11,2017 New York City attack,Knowledgekid87,0
2017-10-31 23:59:32,2017-10-31 23:59:32,2017 New York City attack,Gidonb,0
2017-10-31 23:59:47,2017-10-31 23:59:47,2017 New York City attack,Gidonb,0
2017-11-01 00:01:10,2017-11-01 00:01:10,2017 New York City attack,RMCD bot,1
2017-11-01 00:02:04,2017-11-01 00:02:04,2017 New York City attack,Gidonb,0
2017-11-01 00:03:46,2017-11-01 00:03:46,2017 New York City attack,73.60.86.214,0
2017-11-01 00:05:46,2017-11-01 00:05:46,2017 New York City attack,Knowledgekid87,0
2017-11-01 00:06:37,2017-11-01 00:06:37,2017 New York City attack,Corn cheese,0
2017-11-01 00:07:03,2017-11-01 00:07:03,2017 New York City attack,RegentsPark,0
2017-11-01 00:07:29,2017-11-01 00:07:29,2017 New York City attack,Gidonb,0
2017-11-01 00:08:11,2017-11-01 00:08:11,2017 New York City attack,Gidonb,0
2017-11-01 00:08:18,2017-11-01 00:08:18,2017 New York City attack,RegentsPark,0
2017-11-01 00:08:45,2017-11-01 00:08:45,2017 New York City attack,2606:A000:ED02:A200:D868:758B:FDDA:BACF,0
2017-11-01 00:09:41,2017-11-01 00:09:41,2017 New York City attack,RegentsPark,0
2017-11-01 00:09:54,2017-11-01 00:09:54,2017 New York City attack,68.175.106.35,0
2017-11-01 00:10:03,2017-11-01 00:10:03,2017 New York City attack,Corn cheese,0
2017-11-01 00:10:09,2017-11-01 00:10:09,2017 New York City attack,73.60.86.214,0
2017-11-01 00:10:31,2017-11-01 00:10:31,2017 New York City attack,68.175.106.35,0
2017-11-01 00:10:49,2017-11-01 00:10:49,2017 New York City attack,RegentsPark,0
2017-11-01 00:12:00,2017-11-01 00:12:00,2017 New York City attack,Gidonb,0
2017-11-01 00:12:31,2017-11-01 00:12:31,2017 New York City attack,68.175.106.35,0
2017-11-01 00:12:39,2017-11-01 00:12:39,2017 New York City attack,Gidonb,0
2017-11-01 00:13:08,2017-11-01 00:13:08,2017 New York City attack,81.132.63.74,0
2017-11-01 00:13:55,2017-11-01 00:13:55,2017 New York City attack,68.175.106.35,0
2017-11-01 00:14:21,2017-11-01 00:14:21,2017 New York City attack,68.175.106.35,0
2017-11-01 00:15:13,2017-11-01 00:15:13,2017 New York City attack,Rms125a@hotmail.com,0
2017-11-01 00:15:30,2017-11-01 00:15:30,2017 New York City attack,Epicgenius,0
2017-11-01 00:15:42,2017-11-01 00:15:42,2017 New York City attack,220 of Borg,0
2017-11-01 00:16:55,2017-11-01 00:16:55,2017 New York City attack,Gidonb,0
2017-11-01 00:19:34,2017-11-01 00:19:34,2017 New York City attack,Epicgenius,0
2017-11-01 00:19:53,2017-11-01 00:19:53,2017 New York City attack,Malerooster,0
2017-11-01 00:20:07,2017-11-01 00:20:07,2017 New York City attack,Avilan01,0
2017-11-01 00:38:15,2017-11-01 00:38:15,2017 New York City attack,Sir Joseph,0
2017-11-01 00:40:45,2017-11-01 00:40:45,2017 New York City attack,Oupals,0
2017-11-01 00:44:26,2017-11-01 00:44:26,2017 New York City attack,Jim Michael,0
2017-11-01 00:46:25,2017-11-01 00:46:25,2017 New York City attack,RMCD bot,1
2017-11-01 00:47:19,2017-11-01 00:47:19,2017 New York City attack,32.211.140.96,0
2017-11-01 00:48:40,2017-11-01 00:48:40,2017 New York City attack,167.136.142.190,0
2017-11-01 00:48:59,2017-11-01 00:48:59,2017 New York City attack,Oshwah,0
2017-11-01 00:49:35,2017-11-01 00:49:35,2017 New York City attack,32.211.140.96,0
2017-11-01 00:52:25,2017-11-01 00:52:25,2017 New York City attack,32.211.140.96,0
2017-11-01 00:54:34,2017-11-01 00:54:34,2017 New York City attack,Epicgenius,0
2017-11-01 00:54:53,2017-11-01 00:54:53,2017 New York City attack,Epicgenius,0
2017-11-01 00:55:27,2017-11-01 00:55:27,2017 New York City attack,Y2kcrazyjoker4,0
2017-11-01 00:55:30,2017-11-01 00:55:30,2017 New York City attack,StjJackson,0
2017-11-01 00:57:26,2017-11-01 00:57:26,2017 New York City attack,Y2kcrazyjoker4,0
2017-11-01 01:01:21,2017-11-01 01:01:21,2017 New York City attack,RMCD bot,1
2017-11-01 01:05:49,2017-11-01 01:05:49,2017 New York City attack,Epicgenius,0
2017-11-01 01:06:21,2017-11-01 01:06:21,2017 New York City attack,PootisHeavy,0
2017-11-01 01:06:23,2017-11-01 01:06:23,2017 New York City attack,Epicgenius,0
2017-11-01 01:06:43,2017-11-01 01:06:43,2017 New York City attack,Epicgenius,0
2017-11-01 01:13:20,2017-11-01 01:13:20,2017 New York City attack,Callmemirela,0
2017-11-01 01:18:08,2017-11-01 01:18:08,2017 New York City attack,32.211.140.96,0
2017-11-01 01:18:56,2017-11-01 01:18:56,2017 New York City attack,Zhangj1079,0
2017-11-01 01:20:08,2017-11-01 01:20:08,2017 New York City attack,Zhangj1079,0
2017-11-01 01:23:56,2017-11-01 01:23:56,2017 New York City attack,PlanetDeadwing,0
2017-11-01 01:26:39,2017-11-01 01:26:39,2017 New York City attack,155.225.2.100,0
2017-11-01 01:28:19,2017-11-01 01:28:19,2017 New York City attack,Jim Michael,0
2017-11-01 01:29:18,2017-11-01 01:29:18,2017 New York City attack,MonsterHunter32,0
2017-11-01 01:30:59,2017-11-01 01:30:59,2017 New York City attack,MonsterHunter32,0
2017-11-01 01:31:28,2017-11-01 01:31:28,2017 New York City attack,32.211.140.96,0
2017-11-01 01:31:33,2017-11-01 01:31:33,2017 New York City attack,Werldwayd,0
2017-11-01 01:40:50,2017-11-01 01:40:50,2017 New York City attack,Werldwayd,0
2017-11-01 01:41:38,2017-11-01 01:41:38,2017 New York City attack,Werldwayd,0
2017-11-01 01:43:47,2017-11-01 01:43:47,2017 New York City attack,Tvoz,0
2017-11-01 01:47:39,2017-11-01 01:47:39,2017 New York City attack,Tvoz,0
2017-11-01 01:50:39,2017-11-01 01:50:39,2017 New York City attack,Tvoz,0
2017-11-01 01:53:42,2017-11-01 01:53:42,2017 New York City attack,Tvoz,0
2017-11-01 01:55:28,2017-11-01 01:55:28,2017 New York City attack,Tvoz,0
2017-11-01 01:56:56,2017-11-01 01:56:56,2017 New York City attack,123.161.170.96,0
2017-11-01 01:57:55,2017-11-01 01:57:55,2017 New York City attack,Epicgenius,0
2017-11-01 01:58:21,2017-11-01 01:58:21,2017 New York City attack,Epicgenius,0
2017-11-01 02:01:00,2017-11-01 02:01:00,2017 New York City attack,Another Believer,0
2017-11-01 02:05:57,2017-11-01 02:05:57,2017 New York City attack,Gh9449,0
2017-11-01 02:07:09,2017-11-01 02:07:09,2017 New York City attack,Epicgenius,0
2017-11-01 02:11:04,2017-11-01 02:11:04,2017 New York City attack,Tvoz,0
2017-11-01 02:12:49,2017-11-01 02:12:49,2017 New York City attack,Lyttle-Wight,0
2017-11-01 02:13:50,2017-11-01 02:13:50,2017 New York City attack,Epicgenius,0
2017-11-01 02:15:00,2017-11-01 02:15:00,2017 New York City attack,32.211.140.96,0
2017-11-01 02:15:49,2017-11-01 02:15:49,2017 New York City attack,Werldwayd,0
2017-11-01 02:17:11,2017-11-01 02:17:11,2017 New York City attack,Epicgenius,0
2017-11-01 02:17:35,2017-11-01 02:17:35,2017 New York City attack,Athaenara,0
2017-11-01 02:18:34,2017-11-01 02:18:34,2017 New York City attack,Epicgenius,0
2017-11-01 02:21:32,2017-11-01 02:21:32,2017 New York City attack,Epicgenius,0
2017-11-01 02:22:10,2017-11-01 02:22:10,2017 New York City attack,KConWiki,0
2017-11-01 02:27:20,2017-11-01 02:27:20,2017 New York City attack,Gidonb,0
2017-11-01 02:33:23,2017-11-01 02:33:23,2017 New York City attack,Epicgenius,0
2017-11-01 02:41:40,2017-11-01 02:41:40,2017 New York City attack,Lyttle-Wight,0
2017-11-01 02:46:23,2017-11-01 02:46:23,2017 New York City attack,AllyGebies,0
2017-11-01 02:47:53,2017-11-01 02:47:53,2017 New York City attack,Pharaoh of the Wizards,0
2017-11-01 02:52:41,2017-11-01 02:52:41,2017 New York City attack,Bri,0
2017-11-01 02:57:05,2017-11-01 02:57:05,2017 New York City attack,The ed17,0
2017-11-01 02:58:36,2017-11-01 02:58:36,2017 New York City attack,The ed17,0
2017-11-01 02:59:37,2017-11-01 02:59:37,2017 New York City attack,Another Believer,0
2017-11-01 03:04:09,2017-11-01 03:04:09,2017 New York City attack,177.134.147.211,0
2017-11-01 03:04:37,2017-11-01 03:04:37,2017 New York City attack,Epicgenius,0
2017-11-01 03:05:50,2017-11-01 03:05:50,2017 New York City attack,Noseycjr,0
2017-11-01 03:09:22,2017-11-01 03:09:22,2017 New York City attack,The ed17,0
2017-11-01 03:10:14,2017-11-01 03:10:14,2017 New York City attack,The ed17,0
2017-11-01 03:18:11,2017-11-01 03:18:11,2017 New York City attack,Epicgenius,0
2017-11-01 03:23:56,2017-11-01 03:23:56,2017 New York City attack,Malayedit,0
2017-11-01 03:28:28,2017-11-01 03:28:28,2017 New York City attack,Another Believer,0
2017-11-01 03:30:45,2017-11-01 03:30:45,2017 New York City attack,Veffari,0
2017-11-01 03:32:16,2017-11-01 03:32:16,2017 New York City attack,The ed17,0
2017-11-01 03:37:44,2017-11-01 03:37:44,2017 New York City attack,Phoenix7777,0
2017-11-01 03:40:38,2017-11-01 03:40:38,2017 New York City attack,Hmains,0
2017-11-01 03:47:37,2017-11-01 03:47:37,2017 New York City attack,Hmains,0
2017-11-01 03:49:42,2017-11-01 03:49:42,2017 New York City attack,98.215.153.31,0
2017-11-01 03:50:37,2017-11-01 03:50:37,2017 New York City attack,98.215.153.31,0
2017-11-01 03:52:00,2017-11-01 03:52:00,2017 New York City attack,Y2kcrazyjoker4,0
2017-11-01 03:52:48,2017-11-01 03:52:48,2017 New York City attack,ToxicOJ,0
2017-11-01 03:52:57,2017-11-01 03:52:57,2017 New York City attack,Y2kcrazyjoker4,0
2017-11-01 03:53:36,2017-11-01 03:53:36,2017 New York City attack,ToxicOJ,0
2017-11-01 03:58:07,2017-11-01 03:58:07,2017 New York City attack,2601:C4:C001:289E:11D2:9FE1:C4A9:2D54,0
2017-11-01 04:00:59,2017-11-01 04:00:59,2017 New York City attack,2604:2000:1382:40D0:75BA:4F5C:21C:CCC8,0
2017-11-01 04:09:06,2017-11-01 04:09:06,2017 New York City attack,2601:603:4C80:D150:F983:E497:10CD:F90,0
2017-11-01 04:09:37,2017-11-01 04:09:37,2017 New York City attack,2601:603:4C80:D150:F983:E497:10CD:F90,0
2017-11-01 04:11:25,2017-11-01 04:11:25,2017 New York City attack,ToxicOJ,0
2017-11-01 04:12:06,2017-11-01 04:12:06,2017 New York City attack,ToxicOJ,0
2017-11-01 04:12:37,2017-11-01 04:12:37,2017 New York City attack,ToxicOJ,0
2017-11-01 04:24:29,2017-11-01 04:24:29,2017 New York City attack,2604:2000:E016:A700:2C35:6E:A573:BB46,0
2017-11-01 04:28:19,2017-11-01 04:28:19,2017 New York City attack,2604:2000:E016:A700:2C35:6E:A573:BB46,0
2017-11-01 04:30:24,2017-11-01 04:30:24,2017 New York City attack,Seraphim System,0
2017-11-01 04:30:28,2017-11-01 04:30:28,2017 New York City attack,2604:2000:E016:A700:2C35:6E:A573:BB46,0
2017-11-01 04:31:04,2017-11-01 04:31:04,2017 New York City attack,Muboshgu,0
2017-11-01 04:33:03,2017-11-01 04:33:03,2017 New York City attack,Jim Michael,0
2017-11-01 04:35:13,2017-11-01 04:35:13,2017 New York City attack,2604:2000:E016:A700:2C35:6E:A573:BB46,0
2017-11-01 04:37:02,2017-11-01 04:37:02,2017 New York City attack,2604:2000:E016:A700:2C35:6E:A573:BB46,0
2017-11-01 04:39:29,2017-11-01 04:39:29,2017 New York City attack,2600:8800:786:A300:C23F:D5FF:FEC4:D51D,0
2017-11-01 04:40:13,2017-11-01 04:40:13,2017 New York City attack,32.211.140.96,0
2017-11-01 04:40:34,2017-11-01 04:40:34,2017 New York City attack,2604:2000:E016:A700:2C35:6E:A573:BB46,0
2017-11-01 04:44:30,2017-11-01 04:44:30,2017 New York City attack,Tvoz,0
2017-11-01 04:46:00,2017-11-01 04:46:00,2017 New York City attack,Tvoz,0
2017-11-01 04:48:42,2017-11-01 04:48:42,2017 New York City attack,Seraphim System,0
2017-11-01 04:51:02,2017-11-01 04:51:02,2017 New York City attack,2604:2000:E016:A700:2C35:6E:A573:BB46,0
2017-11-01 04:51:52,2017-11-01 04:51:52,2017 New York City attack,ChocolateRabbit,0
2017-11-01 04:52:08,2017-11-01 04:52:08,2017 New York City attack,2604:2000:E016:A700:2C35:6E:A573:BB46,0
2017-11-01 04:54:45,2017-11-01 04:54:45,2017 New York City attack,Kvwiki1234,0
2017-11-01 04:58:30,2017-11-01 04:58:30,2017 New York City attack,2604:2000:E016:A700:2C35:6E:A573:BB46,0
2017-11-01 05:09:35,2017-11-01 05:09:35,2017 New York City attack,98.166.181.17,0
2017-11-01 05:13:43,2017-11-01 05:13:43,2017 New York City attack,2600:8800:1880:C359:5604:A6FF:FE38:4B26,0
2017-10-31 21:36:05,2017-10-31 21:36:05,2017 West Side Highway attack,Epicgenius,0
2017-10-31 21:37:03,2017-10-31 21:37:03,2017 West Side Highway attack,Ericoides,0
2017-10-31 21:37:18,2017-10-31 21:37:18,2017 West Side Highway attack,Another Believer,0
2017-10-31 21:38:55,2017-10-31 21:38:55,2017 West Side Highway attack,Epicgenius,0
2017-10-31 21:40:21,2017-10-31 21:40:21,2017 West Side Highway attack,Walsak,0
2017-10-31 21:40:21,2017-10-31 21:40:21,2017 West Side Highway attack,DeFacto,0
2017-10-31 21:40:50,2017-10-31 21:40:50,2017 West Side Highway attack,PhilipTerryGraham,0
2017-10-31 21:41:56,2017-10-31 21:41:56,2017 West Side Highway attack,93.40.192.64,0
2017-10-31 21:42:32,2017-10-31 21:42:32,2017 West Side Highway attack,151.34.138.129,0
2017-10-31 21:43:05,2017-10-31 21:43:05,2017 West Side Highway attack,151.34.138.129,0
2017-10-31 21:43:39,2017-10-31 21:43:39,2017 West Side Highway attack,Epicgenius,0
2017-10-31 21:43:46,2017-10-31 21:43:46,2017 West Side Highway attack,RegentsPark,0
2017-10-31 21:44:31,2017-10-31 21:44:31,2017 West Side Highway attack,PhilipTerryGraham,0
2017-10-31 21:44:55,2017-10-31 21:44:55,2017 West Side Highway attack,RegentsPark,0
2017-10-31 21:45:06,2017-10-31 21:45:06,2017 West Side Highway attack,Michaelh2001,0
2017-10-31 21:45:33,2017-10-31 21:45:33,2017 West Side Highway attack,E.M.Gregory,0
2017-10-31 21:45:49,2017-10-31 21:45:49,2017 West Side Highway attack,Another Believer,0
2017-10-31 21:45:50,2017-10-31 21:45:50,2017 West Side Highway attack,97.96.60.248,0
2017-10-31 21:46:40,2017-10-31 21:46:40,2017 West Side Highway attack,Another Believer,0
2017-10-31 21:46:46,2017-10-31 21:46:46,2017 West Side Highway attack,173.54.215.179,0
2017-10-31 21:46:52,2017-10-31 21:46:52,2017 West Side Highway attack,97.96.60.248,0
2017-10-31 21:46:55,2017-10-31 21:46:55,2017 West Side Highway attack,PhilipTerryGraham,0
2017-10-31 21:49:08,2017-10-31 21:49:08,2017 West Side Highway attack,DeFacto,0
2017-10-31 21:50:27,2017-10-31 21:50:27,2017 West Side Highway attack,DeFacto,0
2017-10-31 21:51:06,2017-10-31 21:51:06,2017 West Side Highway attack,PhilipTerryGraham,0
2017-10-31 21:51:40,2017-10-31 21:51:40,2017 West Side Highway attack,Chrisclear,0
2017-10-31 21:52:01,2017-10-31 21:52:01,2017 West Side Highway attack,79.214.142.211,0
2017-10-31 21:52:55,2017-10-31 21:52:55,2017 West Side Highway attack,Abductive,0
2017-10-31 21:53:11,2017-10-31 21:53:11,2017 West Side Highway attack,Another Believer,0
2017-10-31 21:53:18,2017-10-31 21:53:18,2017 West Side Highway attack,Another Believer,0
2017-10-31 21:53:47,2017-10-31 21:53:47,2017 West Side Highway attack,PhilipTerryGraham,0
2017-10-31 21:53:55,2017-10-31 21:53:55,2017 West Side Highway attack,Another Believer,0
2017-10-31 21:55:23,2017-10-31 21:55:23,2017 West Side Highway attack,Another Believer,0
2017-10-31 21:55:44,2017-10-31 21:55:44,2017 West Side Highway attack,PhilipTerryGraham,0
2017-10-31 21:56:22,2017-10-31 21:56:22,2017 West Side Highway attack,Another Believer,0
2017-10-31 21:56:30,2017-10-31 21:56:30,2017 West Side Highway attack,ToxicOJ,0
2017-10-31 21:56:32,2017-10-31 21:56:32,2017 West Side Highway attack,Another Believer,0
2017-10-31 21:57:24,2017-10-31 21:57:24,2017 West Side Highway attack,Sandstein,0
2017-10-31 21:58:03,2017-10-31 21:58:03,2017 West Side Highway attack,PhilipTerryGraham,0
2017-10-31 21:58:44,2017-10-31 21:58:44,2017 West Side Highway attack,Sandstein,0
2017-10-31 21:59:07,2017-10-31 21:59:07,2017 West Side Highway attack,93.40.192.64,0
2017-10-31 21:59:11,2017-10-31 21:59:11,2017 West Side Highway attack,PhilipTerryGraham,0
2017-10-31 21:59:19,2017-10-31 21:59:19,2017 West Side Highway attack,Sandstein,0
2017-10-31 21:59:46,2017-10-31 21:59:46,2017 West Side Highway attack,Sandstein,0
2017-10-31 22:00:14,2017-10-31 22:00:14,2017 West Side Highway attack,Sandstein,0
2017-10-31 22:00:46,2017-10-31 22:00:46,2017 West Side Highway attack,Sandstein,0
2017-10-31 22:00:46,2017-10-31 22:00:46,2017 West Side Highway attack,DeFacto,0
2017-10-31 22:01:03,2017-10-31 22:01:03,2017 West Side Highway attack,151.34.138.129,0
2017-10-31 22:01:27,2017-10-31 22:01:27,2017 West Side Highway attack,DeFacto,0
2017-10-31 22:02:03,2017-10-31 22:02:03,2017 West Side Highway attack,Sandstein,0
2017-10-31 22:02:18,2017-10-31 22:02:18,2017 West Side Highway attack,Sandstein,0
2017-10-31 22:02:23,2017-10-31 22:02:23,2017 West Side Highway attack,Werldwayd,0
2017-10-31 22:02:59,2017-10-31 22:02:59,2017 West Side Highway attack,Sandstein,0
2017-10-31 22:03:33,2017-10-31 22:03:33,2017 West Side Highway attack,Werldwayd,0
2017-10-31 22:03:41,2017-10-31 22:03:41,2017 West Side Highway attack,Sandstein,0
2017-10-31 22:03:55,2017-10-31 22:03:55,2017 West Side Highway attack,PhilipTerryGraham,0
2017-10-31 22:04:10,2017-10-31 22:04:10,2017 West Side Highway attack,Sandstein,0
2017-10-31 22:05:26,2017-10-31 22:05:26,2017 West Side Highway attack,Sandstein,0
2017-10-31 22:05:52,2017-10-31 22:05:52,2017 West Side Highway attack,Werldwayd,0
2017-10-31 22:06:02,2017-10-31 22:06:02,2017 West Side Highway attack,Sandstein,0
2017-10-31 22:06:34,2017-10-31 22:06:34,2017 West Side Highway attack,Sandstein,0
2017-10-31 22:06:45,2017-10-31 22:06:45,2017 West Side Highway attack,PhilipTerryGraham,0
2017-10-31 22:07:47,2017-10-31 22:07:47,2017 West Side Highway attack,JeffUK,0
2017-10-31 22:08:20,2017-10-31 22:08:20,2017 West Side Highway attack,Sandstein,0
2017-10-31 22:08:59,2017-10-31 22:08:59,2017 West Side Highway attack,Nurmsook,0
2017-10-31 22:10:09,2017-10-31 22:10:09,2017 West Side Highway attack,PhilipTerryGraham,0
2017-10-31 22:11:04,2017-10-31 22:11:04,2017 West Side Highway attack,Sandstein,0
2017-10-31 22:14:07,2017-10-31 22:14:07,2017 West Side Highway attack,PhilipTerryGraham,0
2017-10-31 22:15:58,2017-10-31 22:15:58,2017 West Side Highway attack,PhilipTerryGraham,0
2017-10-31 22:18:21,2017-10-31 22:18:21,2017 West Side Highway attack,Nurmsook,0
2017-10-31 22:19:18,2017-10-31 22:19:18,2017 West Side Highway attack,PhilipTerryGraham,0
2017-10-31 22:21:20,2017-10-31 22:21:20,2017 West Side Highway attack,DeFacto,0
2017-10-31 22:23:55,2017-10-31 22:23:55,2017 West Side Highway attack,Ansh666,0
2017-10-31 22:26:13,2017-10-31 22:26:13,2017 West Side Highway attack,97.96.60.248,0
2017-10-31 22:27:00,2017-10-31 22:27:00,2017 West Side Highway attack,97.96.60.248,0
2017-10-31 22:27:20,2017-10-31 22:27:20,2017 West Side Highway attack,WWGB,0
2017-10-31 22:29:16,2017-10-31 22:29:16,2017 West Side Highway attack,Nurmsook,0
2017-10-31 22:34:57,2017-10-31 22:34:57,2017 West Side Highway attack,MPWikiEdits,0
2017-10-31 22:36:07,2017-10-31 22:36:07,2017 West Side Highway attack,PhilipTerryGraham,0
2017-10-31 22:36:25,2017-10-31 22:36:25,2017 West Side Highway attack,93.40.192.64,0
2017-10-31 22:36:53,2017-10-31 22:36:53,2017 West Side Highway attack,DeFacto,0
2017-10-31 22:37:24,2017-10-31 22:37:24,2017 West Side Highway attack,93.40.192.64,0
2017-10-31 22:37:33,2017-10-31 22:37:33,2017 West Side Highway attack,DeFacto,0
2017-10-31 22:38:13,2017-10-31 22:38:13,2017 West Side Highway attack,PhilipTerryGraham,0
2017-10-31 22:40:37,2017-10-31 22:40:37,2017 West Side Highway attack,Sandstein,0
2017-10-31 22:42:14,2017-10-31 22:42:14,2017 West Side Highway attack,DeFacto,0
2017-10-31 22:43:13,2017-10-31 22:43:13,2017 West Side Highway attack,PhilipTerryGraham,0
2017-10-31 22:56:02,2017-10-31 22:56:02,2017 West Side Highway attack,Triggerhippie4,0
2017-10-31 22:59:03,2017-10-31 22:59:03,2017 West Side Highway attack,E.M.Gregory,0
2017-10-31 22:59:57,2017-10-31 22:59:57,2017 West Side Highway attack,E.M.Gregory,0
2017-10-31 23:02:40,2017-10-31 23:02:40,2017 West Side Highway attack,2601:3C5:8200:B79:E121:1B9:BFE1:8389,0
2017-10-31 23:02:45,2017-10-31 23:02:45,2017 West Side Highway attack,Oshwah,0
2017-10-31 23:06:46,2017-10-31 23:06:46,2017 West Side Highway attack,Triggerhippie4,0
2017-10-31 23:08:48,2017-10-31 23:08:48,2017 West Side Highway attack,50.30.144.22,0
2017-10-31 23:08:51,2017-10-31 23:08:51,2017 West Side Highway attack,ClueBot NG,0
2017-10-31 23:11:37,2017-10-31 23:11:37,2017 West Side Highway attack,184.179.77.234,0
2017-10-31 23:11:45,2017-10-31 23:11:45,2017 West Side Highway attack,Hamtechperson,0
2017-10-31 23:12:42,2017-10-31 23:12:42,2017 West Side Highway attack,E.M.Gregory,0
2017-10-31 23:13:05,2017-10-31 23:13:05,2017 West Side Highway attack,E.M.Gregory,0
2017-10-31 23:14:31,2017-10-31 23:14:31,2017 West Side Highway attack,109.108.251.221,0
2017-10-31 23:17:56,2017-10-31 23:17:56,2017 West Side Highway attack,184.179.77.234,0
2017-10-31 23:18:47,2017-10-31 23:18:47,2017 West Side Highway attack,Another Believer,0
2017-10-31 23:24:14,2017-10-31 23:24:14,2017 West Side Highway attack,DeFacto,0
2017-10-31 23:25:25,2017-10-31 23:25:25,2017 West Side Highway attack,63.251.248.156,0
2017-10-31 23:25:32,2017-10-31 23:25:32,2017 West Side Highway attack,146.115.70.80,0
2017-10-31 23:26:34,2017-10-31 23:26:34,2017 West Side Highway attack,Another Believer,0
2017-10-31 23:26:52,2017-10-31 23:26:52,2017 West Side Highway attack,Another Believer,0
2017-10-31 23:28:51,2017-10-31 23:28:51,2017 West Side Highway attack,Harizotoh9,0
2017-10-31 23:29:32,2017-10-31 23:29:32,2017 West Side Highway attack,Another Believer,0
2017-10-31 23:29:41,2017-10-31 23:29:41,2017 West Side Highway attack,Another Believer,0
2017-10-31 23:29:53,2017-10-31 23:29:53,2017 West Side Highway attack,Another Believer,0
2017-10-31 23:30:43,2017-10-31 23:30:43,2017 West Side Highway attack,Harizotoh9,0
2017-10-31 23:32:19,2017-10-31 23:32:19,2017 West Side Highway attack,Nurmsook,0
2017-10-31 23:34:37,2017-10-31 23:34:37,2017 West Side Highway attack,81.132.63.74,0
2017-10-31 16:23:55,2017-10-31 16:23:55,2017 World Series,192.58.125.4,0
2017-10-31 16:25:51,2017-10-31 16:25:51,2017 World Series,EricEnfermero,0
2017-10-31 16:45:45,2017-10-31 16:45:45,2017 World Series,160.93.6.8,0
2017-10-31 16:52:57,2017-10-31 16:52:57,2017 World Series,Jdavi333,0
2017-10-31 18:38:52,2017-10-31 18:38:52,2017 World Series,Tfnewman,0
2017-10-31 19:09:31,2017-10-31 19:09:31,2017 World Series,Tfnewman,0
2017-10-31 19:53:20,2017-10-31 19:53:20,2017 World Series,Spanneraol,0
2017-10-31 23:34:41,2017-10-31 23:34:41,2017 World Series,2604:2000:C68A:C800:DC4C:6665:CDAF:2E93,0
2017-11-01 00:22:08,2017-11-01 00:22:08,2017 World Series,Jdavi333,0
2017-11-01 00:23:59,2017-11-01 00:23:59,2017 World Series,Donnowin1,0
2017-11-01 00:29:16,2017-11-01 00:29:16,2017 World Series,Donnowin1,0
2017-11-01 00:35:27,2017-11-01 00:35:27,2017 World Series,2604:2000:C68A:C800:DC4C:6665:CDAF:2E93,0
2017-11-01 00:39:56,2017-11-01 00:39:56,2017 World Series,Donnowin1,0
2017-11-01 00:42:52,2017-11-01 00:42:52,2017 World Series,Donnowin1,0
2017-11-01 00:43:14,2017-11-01 00:43:14,2017 World Series,Donnowin1,0
2017-11-01 00:49:40,2017-11-01 00:49:40,2017 World Series,Donnowin1,0
2017-11-01 00:53:11,2017-11-01 00:53:11,2017 World Series,Eposty,0
2017-11-01 00:54:59,2017-11-01 00:54:59,2017 World Series,Eposty,0
2017-11-01 01:30:00,2017-11-01 01:30:00,2017 World Series,Spanneraol,0
2017-11-01 01:30:41,2017-11-01 01:30:41,2017 World Series,Spanneraol,0
2017-11-01 01:31:03,2017-11-01 01:31:03,2017 World Series,Spanneraol,0
2017-11-01 01:31:59,2017-11-01 01:31:59,2017 World Series,Spanneraol,0
2017-11-01 01:35:02,2017-11-01 01:35:02,2017 World Series,Spanneraol,0
2017-11-01 01:36:13,2017-11-01 01:36:13,2017 World Series,Spanneraol,0
2017-11-01 01:38:05,2017-11-01 01:38:05,2017 World Series,Spanneraol,0
2017-11-01 01:44:40,2017-11-01 01:44:40,2017 World Series,Donnowin1,0
2017-11-01 01:46:31,2017-11-01 01:46:31,2017 World Series,Muboshgu,0
2017-11-01 01:47:43,2017-11-01 01:47:43,2017 World Series,Muboshgu,0
2017-11-01 01:49:19,2017-11-01 01:49:19,2017 World Series,Muboshgu,0
2017-11-01 01:50:03,2017-11-01 01:50:03,2017 World Series,Spanneraol,0
2017-11-01 01:50:59,2017-11-01 01:50:59,2017 World Series,Spanneraol,0
2017-11-01 01:52:18,2017-11-01 01:52:18,2017 World Series,Spanneraol,0
2017-11-01 01:57:07,2017-11-01 01:57:07,2017 World Series,Spanneraol,0
2017-11-01 01:57:48,2017-11-01 01:57:48,2017 World Series,Spanneraol,0
2017-11-01 02:04:43,2017-11-01 02:04:43,2017 World Series,Spanneraol,0
2017-11-01 02:06:44,2017-11-01 02:06:44,2017 World Series,Ndiana51,0
2017-11-01 02:12:39,2017-11-01 02:12:39,2017 World Series,Spanneraol,0
2017-11-01 02:16:28,2017-11-01 02:16:28,2017 World Series,Spanneraol,0
2017-11-01 02:24:12,2017-11-01 02:24:12,2017 World Series,Spanneraol,0
2017-11-01 02:24:26,2017-11-01 02:24:26,2017 World Series,Muboshgu,0
2017-11-01 02:25:26,2017-11-01 02:25:26,2017 World Series,Muboshgu,0
2017-11-01 02:27:14,2017-11-01 02:27:14,2017 World Series,Spanneraol,0
2017-11-01 02:27:27,2017-11-01 02:27:27,2017 World Series,Spanneraol,0
2017-11-01 02:28:07,2017-11-01 02:28:07,2017 World Series,Muboshgu,0
2017-11-01 02:34:21,2017-11-01 02:34:21,2017 World Series,Muboshgu,0
2017-11-01 02:41:09,2017-11-01 02:41:09,2017 World Series,Spanneraol,0
2017-11-01 02:46:15,2017-11-01 02:46:15,2017 World Series,Spanneraol,0
2017-11-01 02:51:46,2017-11-01 02:51:46,2017 World Series,Donnowin1,0
2017-11-01 02:59:28,2017-11-01 02:59:28,2017 World Series,Spanneraol,0
2017-11-01 03:00:01,2017-11-01 03:00:01,2017 World Series,Spanneraol,0
2017-11-01 03:08:33,2017-11-01 03:08:33,2017 World Series,Muboshgu,0
2017-11-01 03:13:03,2017-11-01 03:13:03,2017 World Series,Donnowin1,0
2017-11-01 03:13:23,2017-11-01 03:13:23,2017 World Series,Spanneraol,0
2017-11-01 03:15:22,2017-11-01 03:15:22,2017 World Series,Spanneraol,0
2017-11-01 03:31:39,2017-11-01 03:31:39,2017 World Series,Muboshgu,0
2017-11-01 03:34:10,2017-11-01 03:34:10,2017 World Series,Donnowin1,0
2017-11-01 03:34:47,2017-11-01 03:34:47,2017 World Series,Donnowin1,0
2017-11-01 03:43:30,2017-11-01 03:43:30,2017 World Series,Spanneraol,0
2017-11-01 03:43:39,2017-11-01 03:43:39,2017 World Series,Donnowin1,0
2017-11-01 03:44:11,2017-11-01 03:44:11,2017 World Series,Muboshgu,0
2017-11-01 03:44:33,2017-11-01 03:44:33,2017 World Series,Muboshgu,0
2017-11-01 03:44:48,2017-11-01 03:44:48,2017 World Series,Donnowin1,0
2017-11-01 03:44:54,2017-11-01 03:44:54,2017 World Series,Spanneraol,0
2017-11-01 03:44:56,2017-11-01 03:44:56,2017 World Series,Muboshgu,0
2017-11-01 03:45:20,2017-11-01 03:45:20,2017 World Series,Donnowin1,0
2017-11-01 03:45:29,2017-11-01 03:45:29,2017 World Series,GoodDay,0
2017-11-01 03:45:35,2017-11-01 03:45:35,2017 World Series,Muboshgu,0
2017-11-01 03:45:45,2017-11-01 03:45:45,2017 World Series,68.102.39.189,0
2017-11-01 03:46:17,2017-11-01 03:46:17,2017 World Series,Donnowin1,0
2017-11-01 03:46:52,2017-11-01 03:46:52,2017 World Series,68.102.39.189,0
2017-11-01 03:46:58,2017-11-01 03:46:58,2017 World Series,Muboshgu,0
2017-11-01 03:47:49,2017-11-01 03:47:49,2017 World Series,Donnowin1,0
2017-11-01 03:48:54,2017-11-01 03:48:54,2017 World Series,Donnowin1,0
2017-11-01 03:53:39,2017-11-01 03:53:39,2017 World Series,GoodDay,0
2017-11-01 03:57:02,2017-11-01 03:57:02,2017 World Series,Spanneraol,0
2017-11-01 04:07:10,2017-11-01 04:07:10,2017 World Series,2600:1700:B850:3620:88EC:7C3A:C961:716D,0
2017-11-01 04:08:15,2017-11-01 04:08:15,2017 World Series,Spanneraol,0
2017-11-01 04:10:45,2017-11-01 04:10:45,2017 World Series,Spanneraol,0
2017-11-01 04:43:20,2017-11-01 04:43:20,2017 World Series,GoodDay,0
2017-10-31 20:35:00,2017-10-31 20:35:00,Distal radius fracture,Hpot90,0
2017-10-31 20:38:36,2017-10-31 20:38:36,Distal radius fracture,Hpot90,0
2017-10-31 20:39:15,2017-10-31 20:39:15,Distal radius fracture,Hpot90,0
2017-10-31 20:41:25,2017-10-31 20:41:25,Distal radius fracture,Hpot90,0
2017-10-31 20:43:44,2017-10-31 20:43:44,Distal radius fracture,Hpot90,0
2017-10-31 20:50:11,2017-10-31 20:50:11,Distal radius fracture,Hpot90,0
2017-10-31 21:23:09,2017-10-31 21:23:09,Distal radius fracture,Hpot90,0
2017-10-31 21:48:55,2017-10-31 21:48:55,Distal radius fracture,Hpot90,0
2017-10-31 21:49:58,2017-10-31 21:49:58,Distal radius fracture,Hpot90,0
2017-10-31 22:44:07,2017-10-31 22:44:07,Distal radius fracture,Hpot90,0
2017-10-31 22:47:33,2017-10-31 22:47:33,Distal radius fracture,Hpot90,0
2017-10-31 22:54:48,2017-10-31 22:54:48,Distal radius fracture,Hpot90,0
2017-10-31 22:56:19,2017-10-31 22:56:19,Distal radius fracture,Hpot90,0
2017-10-31 23:03:32,2017-10-31 23:03:32,Distal radius fracture,Hpot90,0
2017-10-31 23:05:57,2017-10-31 23:05:57,Distal radius fracture,Hpot90,0
2017-10-31 23:06:23,2017-10-31 23:06:23,Distal radius fracture,Hpot90,0
2017-10-31 23:09:52,2017-10-31 23:09:52,Distal radius fracture,Hpot90,0
2017-10-31 23:10:41,2017-10-31 23:10:41,Distal radius fracture,Hpot90,0
2017-10-31 23:11:57,2017-10-31 23:11:57,Distal radius fracture,Hpot90,0
2017-10-31 23:12:33,2017-10-31 23:12:33,Distal radius fracture,Hpot90,0
2017-10-31 23:19:20,2017-10-31 23:19:20,Distal radius fracture,Hpot90,0
2017-10-31 23:20:41,2017-10-31 23:20:41,Distal radius fracture,Hpot90,0
2017-10-31 23:21:24,2017-10-31 23:21:24,Distal radius fracture,Hpot90,0
2017-10-31 23:35:38,2017-10-31 23:35:38,Distal radius fracture,Hpot90,0
2017-10-31 23:55:39,2017-10-31 23:55:39,Distal radius fracture,Hpot90,0
2017-11-01 00:06:20,2017-11-01 00:06:20,Distal radius fracture,Hpot90,0
2017-11-01 00:07:10,2017-11-01 00:07:10,Distal radius fracture,Hpot90,0
2017-11-01 00:10:13,2017-11-01 00:10:13,Distal radius fracture,Hpot90,0
2017-11-01 00:22:33,2017-11-01 00:22:33,Distal radius fracture,Hpot90,0
2017-11-01 00:23:17,2017-11-01 00:23:17,Distal radius fracture,Hpot90,0
2017-11-01 00:41:19,2017-11-01 00:41:19,Distal radius fracture,Doc James,0
2017-11-01 00:41:39,2017-11-01 00:41:39,Distal radius fracture,Doc James,0
2017-11-01 00:41:55,2017-11-01 00:41:55,Distal radius fracture,Doc James,0
2017-11-01 00:43:03,2017-11-01 00:43:03,Distal radius fracture,Doc James,0
2017-11-01 00:43:48,2017-11-01 00:43:48,Distal radius fracture,Doc James,0
2017-11-01 00:44:03,2017-11-01 00:44:03,Distal radius fracture,Doc James,0
2017-11-01 01:01:24,2017-11-01 01:01:24,Distal radius fracture,Hpot90,0
2017-11-01 01:02:10,2017-11-01 01:02:10,Distal radius fracture,Hpot90,0
2017-11-01 01:29:04,2017-11-01 01:29:04,Distal radius fracture,Hpot90,0
2017-11-01 01:36:22,2017-11-01 01:36:22,Distal radius fracture,Hpot90,0
2017-11-01 01:39:44,2017-11-01 01:39:44,Distal radius fracture,Hpot90,0
2017-11-01 01:47:12,2017-11-01 01:47:12,Distal radius fracture,Doc James,0
2017-11-01 01:47:47,2017-11-01 01:47:47,Distal radius fracture,Doc James,0
2017-11-01 01:49:18,2017-11-01 01:49:18,Distal radius fracture,Doc James,0
2017-11-01 01:49:57,2017-11-01 01:49:57,Distal radius fracture,Doc James,0
2017-11-01 01:52:03,2017-11-01 01:52:03,Distal radius fracture,Doc James,0
2017-11-01 01:52:39,2017-11-01 01:52:39,Distal radius fracture,Doc James,0
2017-11-01 01:54:55,2017-11-01 01:54:55,Distal radius fracture,Hpot90,0
2017-11-01 01:57:58,2017-11-01 01:57:58,Distal radius fracture,Hpot90,0
2017-11-01 01:58:40,2017-11-01 01:58:40,Distal radius fracture,Hpot90,0
2017-11-01 01:59:43,2017-11-01 01:59:43,Distal radius fracture,Hpot90,0
2017-11-01 02:03:11,2017-11-01 02:03:11,Distal radius fracture,Hpot90,0
2017-11-01 02:04:10,2017-11-01 02:04:10,Distal radius fracture,Doc James,0
2017-11-01 02:36:13,2017-11-01 02:36:13,Distal radius fracture,Hpot90,0
2017-11-01 02:42:50,2017-11-01 02:42:50,Distal radius fracture,Doc James,0
2017-11-01 02:44:08,2017-11-01 02:44:08,Distal radius fracture,Doc James,0
2017-11-01 02:44:37,2017-11-01 02:44:37,Distal radius fracture,Doc James,0
2017-11-01 04:55:33,2017-11-01 04:55:33,Distal radius fracture,BattyBot,1
2017-10-31 16:28:35,2017-10-31 16:28:35,Igor Štiks,Nashpetrovic,0
2017-10-31 16:31:59,2017-10-31 16:31:59,Igor Štiks,Nashpetrovic,0
2017-10-31 16:34:53,2017-10-31 16:34:53,Igor Štiks,Nashpetrovic,0
2017-10-31 16:35:20,2017-10-31 16:35:20,Igor Štiks,Nashpetrovic,0
2017-10-31 16:36:15,2017-10-31 16:36:15,Igor Štiks,Nashpetrovic,0
2017-10-31 16:36:30,2017-10-31 16:36:30,Igor Štiks,Cocohead781,0
2017-10-31 16:37:56,2017-10-31 16:37:56,Igor Štiks,Nashpetrovic,0
2017-10-31 16:39:54,2017-10-31 16:39:54,Igor Štiks,Nashpetrovic,0
2017-10-31 16:41:05,2017-10-31 16:41:05,Igor Štiks,Nashpetrovic,0
2017-10-31 16:41:54,2017-10-31 16:41:54,Igor Štiks,Nashpetrovic,0
2017-10-31 16:42:24,2017-10-31 16:42:24,Igor Štiks,Nashpetrovic,0
2017-10-31 16:42:54,2017-10-31 16:42:54,Igor Štiks,Nashpetrovic,0
2017-10-31 16:43:10,2017-10-31 16:43:10,Igor Štiks,Nashpetrovic,0
2017-10-31 16:44:03,2017-10-31 16:44:03,Igor Štiks,Nashpetrovic,0
2017-10-31 16:45:50,2017-10-31 16:45:50,Igor Štiks,Nashpetrovic,0
2017-10-31 16:46:29,2017-10-31 16:46:29,Igor Štiks,Nashpetrovic,0
2017-10-31 16:47:06,2017-10-31 16:47:06,Igor Štiks,Nashpetrovic,0
2017-10-31 16:48:03,2017-10-31 16:48:03,Igor Štiks,Nashpetrovic,0
2017-10-31 16:50:48,2017-10-31 16:50:48,Igor Štiks,Nashpetrovic,0
2017-10-31 16:51:50,2017-10-31 16:51:50,Igor Štiks,Nashpetrovic,0
2017-10-31 16:56:24,2017-10-31 16:56:24,Igor Štiks,Cocohead781,0
2017-10-31 17:15:45,2017-10-31 17:15:45,Igor Štiks,Nashpetrovic,0
2017-10-31 17:16:12,2017-10-31 17:16:12,Igor Štiks,Nashpetrovic,0
2017-10-31 17:29:28,2017-10-31 17:29:28,Igor Štiks,Nashpetrovic,0
2017-10-31 17:30:54,2017-10-31 17:30:54,Igor Štiks,Nashpetrovic,0
2017-10-31 17:32:53,2017-10-31 17:32:53,Igor Štiks,Nashpetrovic,0
2017-10-31 17:33:21,2017-10-31 17:33:21,Igor Štiks,Nashpetrovic,0
2017-10-31 17:34:46,2017-10-31 17:34:46,Igor Štiks,Nashpetrovic,0
2017-10-31 17:35:51,2017-10-31 17:35:51,Igor Štiks,Nashpetrovic,0
2017-10-31 17:36:27,2017-10-31 17:36:27,Igor Štiks,Nashpetrovic,0
2017-10-31 17:36:48,2017-10-31 17:36:48,Igor Štiks,Nashpetrovic,0
2017-10-31 17:37:36,2017-10-31 17:37:36,Igor Štiks,Nashpetrovic,0
2017-10-31 17:45:38,2017-10-31 17:45:38,Igor Štiks,Nashpetrovic,0
2017-10-31 17:48:05,2017-10-31 17:48:05,Igor Štiks,Nashpetrovic,0
2017-10-31 17:51:06,2017-10-31 17:51:06,Igor Štiks,Nashpetrovic,0
2017-10-31 17:52:17,2017-10-31 17:52:17,Igor Štiks,Nashpetrovic,0
2017-10-31 17:53:14,2017-10-31 17:53:14,Igor Štiks,Nashpetrovic,0
2017-10-31 17:54:57,2017-10-31 17:54:57,Igor Štiks,Nashpetrovic,0
2017-10-31 17:56:55,2017-10-31 17:56:55,Igor Štiks,Nashpetrovic,0
2017-10-31 17:57:42,2017-10-31 17:57:42,Igor Štiks,Nashpetrovic,0
2017-10-31 17:58:29,2017-10-31 17:58:29,Igor Štiks,Nashpetrovic,0
2017-10-31 18:00:12,2017-10-31 18:00:12,Igor Štiks,Nashpetrovic,0
2017-10-31 18:01:06,2017-10-31 18:01:06,Igor Štiks,Nashpetrovic,0
2017-10-31 18:02:05,2017-10-31 18:02:05,Igor Štiks,Nashpetrovic,0
2017-10-31 18:03:30,2017-10-31 18:03:30,Igor Štiks,Nashpetrovic,0
2017-10-31 18:04:58,2017-10-31 18:04:58,Igor Štiks,Nashpetrovic,0
2017-10-31 18:09:09,2017-10-31 18:09:09,Igor Štiks,Nashpetrovic,0
2017-10-31 18:10:38,2017-10-31 18:10:38,Igor Štiks,Nashpetrovic,0
2017-10-31 18:12:12,2017-10-31 18:12:12,Igor Štiks,Nashpetrovic,0
2017-10-31 18:13:04,2017-10-31 18:13:04,Igor Štiks,Nashpetrovic,0
2017-10-31 18:15:08,2017-10-31 18:15:08,Igor Štiks,Nashpetrovic,0
2017-10-31 18:29:09,2017-10-31 18:29:09,Igor Štiks,Nashpetrovic,0
2017-10-31 18:30:45,2017-10-31 18:30:45,Igor Štiks,Nashpetrovic,0
2017-10-31 18:32:33,2017-10-31 18:32:33,Igor Štiks,Nashpetrovic,0
2017-10-31 18:33:56,2017-10-31 18:33:56,Igor Štiks,Nashpetrovic,0
2017-10-31 18:36:30,2017-10-31 18:36:30,Igor Štiks,Nashpetrovic,0
2017-10-31 18:38:22,2017-10-31 18:38:22,Igor Štiks,Nashpetrovic,0
2017-10-31 18:40:07,2017-10-31 18:40:07,Igor Štiks,Nashpetrovic,0
2017-10-31 18:42:26,2017-10-31 18:42:26,Igor Štiks,Nashpetrovic,0
2017-10-31 18:44:50,2017-10-31 18:44:50,Igor Štiks,Nashpetrovic,0
2017-10-31 18:46:22,2017-10-31 18:46:22,Igor Štiks,Nashpetrovic,0
2017-10-31 18:47:31,2017-10-31 18:47:31,Igor Štiks,Nashpetrovic,0
2017-10-31 18:50:03,2017-10-31 18:50:03,Igor Štiks,Nashpetrovic,0
2017-10-31 18:52:41,2017-10-31 18:52:41,Igor Štiks,Nashpetrovic,0
2017-10-31 18:53:02,2017-10-31 18:53:02,Igor Štiks,Nashpetrovic,0
2017-10-31 18:53:15,2017-10-31 18:53:15,Igor Štiks,Nashpetrovic,0
2017-10-31 19:04:58,2017-10-31 19:04:58,Igor Štiks,Nashpetrovic,0
2017-10-31 19:05:16,2017-10-31 19:05:16,Igor Štiks,Nashpetrovic,0
2017-10-31 19:05:44,2017-10-31 19:05:44,Igor Štiks,Nashpetrovic,0
2017-10-31 19:14:06,2017-10-31 19:14:06,Igor Štiks,Nashpetrovic,0
2017-10-31 19:21:31,2017-10-31 19:21:31,Igor Štiks,Nashpetrovic,0
2017-10-31 19:22:36,2017-10-31 19:22:36,Igor Štiks,Nashpetrovic,0
2017-10-31 19:23:19,2017-10-31 19:23:19,Igor Štiks,Nashpetrovic,0
2017-10-31 19:24:19,2017-10-31 19:24:19,Igor Štiks,Nashpetrovic,0
2017-10-31 19:24:40,2017-10-31 19:24:40,Igor Štiks,Nashpetrovic,0
2017-10-31 19:27:25,2017-10-31 19:27:25,Igor Štiks,Nashpetrovic,0
2017-10-31 20:09:31,2017-10-31 20:09:31,List of 2017–18 Super Rugby transfers,Harriesss,0
2017-10-31 20:13:01,2017-10-31 20:13:01,List of 2017–18 Super Rugby transfers,Harriesss,0
2017-10-31 20:15:28,2017-10-31 20:15:28,List of 2017–18 Super Rugby transfers,Harriesss,0
2017-10-31 20:15:46,2017-10-31 20:15:46,List of 2017–18 Super Rugby transfers,Harriesss,0
2017-10-31 20:18:01,2017-10-31 20:18:01,List of 2017–18 Super Rugby transfers,Harriesss,0
2017-10-31 20:18:27,2017-10-31 20:18:27,List of 2017–18 Super Rugby transfers,Harriesss,0
2017-10-31 20:19:29,2017-10-31 20:19:29,List of 2017–18 Super Rugby transfers,Harriesss,0
2017-10-31 20:19:53,2017-10-31 20:19:53,List of 2017–18 Super Rugby transfers,Harriesss,0
2017-10-31 20:22:43,2017-10-31 20:22:43,List of 2017–18 Super Rugby transfers,Harriesss,0
2017-10-31 20:24:13,2017-10-31 20:24:13,List of 2017–18 Super Rugby transfers,Harriesss,0
2017-10-31 20:24:41,2017-10-31 20:24:41,List of 2017–18 Super Rugby transfers,Harriesss,0
2017-10-31 20:25:12,2017-10-31 20:25:12,List of 2017–18 Super Rugby transfers,Harriesss,0
2017-10-31 20:28:16,2017-10-31 20:28:16,List of 2017–18 Super Rugby transfers,Harriesss,0
2017-10-31 20:31:37,2017-10-31 20:31:37,List of 2017–18 Super Rugby transfers,Harriesss,0
2017-10-31 20:43:11,2017-10-31 20:43:11,List of 2017–18 Super Rugby transfers,Harriesss,0
2017-10-31 20:44:31,2017-10-31 20:44:31,List of 2017–18 Super Rugby transfers,Harriesss,0
2017-10-31 20:47:48,2017-10-31 20:47:48,List of 2017–18 Super Rugby transfers,Harriesss,0
2017-10-31 20:50:04,2017-10-31 20:50:04,List of 2017–18 Super Rugby transfers,Harriesss,0
2017-10-31 20:52:15,2017-10-31 20:52:15,List of 2017–18 Super Rugby transfers,Harriesss,0
2017-10-31 20:52:55,2017-10-31 20:52:55,List of 2017–18 Super Rugby transfers,Harriesss,0
2017-10-31 20:53:53,2017-10-31 20:53:53,List of 2017–18 Super Rugby transfers,Harriesss,0
2017-10-31 20:55:49,2017-10-31 20:55:49,List of 2017–18 Super Rugby transfers,Harriesss,0
2017-10-31 21:07:20,2017-10-31 21:07:20,List of 2017–18 Super Rugby transfers,Harriesss,0
2017-10-31 21:09:01,2017-10-31 21:09:01,List of 2017–18 Super Rugby transfers,Harriesss,0
2017-10-31 21:09:50,2017-10-31 21:09:50,List of 2017–18 Super Rugby transfers,Harriesss,0
2017-10-31 21:10:07,2017-10-31 21:10:07,List of 2017–18 Super Rugby transfers,Harriesss,0
2017-10-31 21:10:57,2017-10-31 21:10:57,List of 2017–18 Super Rugby transfers,Harriesss,0
2017-10-31 21:11:18,2017-10-31 21:11:18,List of 2017–18 Super Rugby transfers,Harriesss,0
2017-10-31 21:13:35,2017-10-31 21:13:35,List of 2017–18 Super Rugby transfers,Harriesss,0
2017-10-31 21:14:28,2017-10-31 21:14:28,List of 2017–18 Super Rugby transfers,Harriesss,0
2017-10-31 21:26:24,2017-10-31 21:26:24,List of 2017–18 Super Rugby transfers,222.153.170.178,0
2017-10-31 21:28:22,2017-10-31 21:28:22,List of 2017–18 Super Rugby transfers,222.153.170.178,0
2017-10-31 21:31:36,2017-10-31 21:31:36,List of 2017–18 Super Rugby transfers,222.153.170.178,0
2017-10-31 21:32:36,2017-10-31 21:32:36,List of 2017–18 Super Rugby transfers,222.153.170.178,0
2017-10-31 21:36:06,2017-10-31 21:36:06,List of 2017–18 Super Rugby transfers,222.153.170.178,0
2017-10-31 21:36:52,2017-10-31 21:36:52,List of 2017–18 Super Rugby transfers,222.153.170.178,0
2017-11-01 02:41:19,2017-11-01 02:41:19,List of 2017–18 Super Rugby transfers,TheMightyPeanut,0
2017-11-01 02:54:21,2017-11-01 02:54:21,List of 2017–18 Super Rugby transfers,222.153.170.178,0
2017-11-01 02:55:46,2017-11-01 02:55:46,List of 2017–18 Super Rugby transfers,222.153.170.178,0
2017-11-01 02:57:09,2017-11-01 02:57:09,List of 2017–18 Super Rugby transfers,222.153.170.178,0
2017-11-01 02:58:25,2017-11-01 02:58:25,List of 2017–18 Super Rugby transfers,222.153.170.178,0
2017-11-01 03:01:47,2017-11-01 03:01:47,List of 2017–18 Super Rugby transfers,TheMightyPeanut,0
2017-11-01 03:03:09,2017-11-01 03:03:09,List of 2017–18 Super Rugby transfers,222.153.170.178,0
2017-11-01 03:08:40,2017-11-01 03:08:40,List of 2017–18 Super Rugby transfers,222.153.170.178,0
2017-11-01 03:12:14,2017-11-01 03:12:14,List of 2017–18 Super Rugby transfers,222.153.170.178,0
2017-11-01 03:18:01,2017-11-01 03:18:01,List of 2017–18 Super Rugby transfers,222.153.170.178,0
2017-11-01 03:18:51,2017-11-01 03:18:51,List of 2017–18 Super Rugby transfers,TheMightyPeanut,0
2017-11-01 03:20:18,2017-11-01 03:20:18,List of 2017–18 Super Rugby transfers,TheMightyPeanut,0
2017-11-01 03:29:16,2017-11-01 03:29:16,List of 2017–18 Super Rugby transfers,222.153.170.178,0
2017-11-01 03:44:05,2017-11-01 03:44:05,List of 2017–18 Super Rugby transfers,222.153.170.178,0
2017-11-01 03:45:19,2017-11-01 03:45:19,List of 2017–18 Super Rugby transfers,222.153.170.178,0
2017-11-01 03:50:47,2017-11-01 03:50:47,List of 2017–18 Super Rugby transfers,222.153.170.178,0
2017-11-01 03:54:59,2017-11-01 03:54:59,List of 2017–18 Super Rugby transfers,222.153.170.178,0
2017-11-01 03:59:40,2017-11-01 03:59:40,List of 2017–18 Super Rugby transfers,222.153.170.178,0
2017-11-01 04:07:04,2017-11-01 04:07:04,List of 2017–18 Super Rugby transfers,222.153.170.178,0
2017-11-01 04:07:44,2017-11-01 04:07:44,List of 2017–18 Super Rugby transfers,222.153.170.178,0
2017-11-01 04:13:44,2017-11-01 04:13:44,List of 2017–18 Super Rugby transfers,222.153.170.178,0
2017-11-01 04:19:05,2017-11-01 04:19:05,List of 2017–18 Super Rugby transfers,222.153.170.178,0
2017-11-01 04:36:03,2017-11-01 04:36:03,List of 2017–18 Super Rugby transfers,TheMightyPeanut,0
2017-11-01 04:51:24,2017-11-01 04:51:24,List of 2017–18 Super Rugby transfers,TheMightyPeanut,0
2017-11-01 04:51:42,2017-11-01 04:51:42,List of 2017–18 Super Rugby transfers,TheMightyPeanut,0
2017-10-31 16:53:00,2017-10-31 16:53:00,List of fictional gynoids,AngusWOOF,0
2017-10-31 16:53:29,2017-10-31 16:53:29,List of fictional gynoids,AngusWOOF,0
2017-10-31 17:38:06,2017-10-31 17:38:06,List of fictional gynoids,AngusWOOF,0
2017-10-31 18:56:34,2017-10-31 18:56:34,List of fictional gynoids,AngusWOOF,0
2017-10-31 18:57:09,2017-10-31 18:57:09,List of fictional gynoids,AngusWOOF,0
2017-10-31 18:58:02,2017-10-31 18:58:02,List of fictional gynoids,AngusWOOF,0
2017-10-31 18:59:29,2017-10-31 18:59:29,List of fictional gynoids,AngusWOOF,0
2017-10-31 19:06:38,2017-10-31 19:06:38,List of fictional gynoids,AngusWOOF,0
2017-10-31 19:26:56,2017-10-31 19:26:56,List of fictional gynoids,AngusWOOF,0
2017-10-31 19:33:35,2017-10-31 19:33:35,List of fictional gynoids,AngusWOOF,0
2017-10-31 19:37:58,2017-10-31 19:37:58,List of fictional gynoids,Wlmg,0
2017-10-31 20:07:12,2017-10-31 20:07:12,List of fictional gynoids,AngusWOOF,0
2017-10-31 20:11:22,2017-10-31 20:11:22,List of fictional gynoids,AngusWOOF,0
2017-10-31 20:14:25,2017-10-31 20:14:25,List of fictional gynoids,AngusWOOF,0
2017-10-31 20:39:00,2017-10-31 20:39:00,List of fictional gynoids,AngusWOOF,0
2017-10-31 20:57:17,2017-10-31 20:57:17,List of fictional gynoids,AngusWOOF,0
2017-10-31 20:57:47,2017-10-31 20:57:47,List of fictional gynoids,AngusWOOF,0
2017-10-31 21:01:05,2017-10-31 21:01:05,List of fictional gynoids,AngusWOOF,0
2017-10-31 21:19:12,2017-10-31 21:19:12,List of fictional gynoids,AngusWOOF,0
2017-10-31 21:26:47,2017-10-31 21:26:47,List of fictional gynoids,AngusWOOF,0
2017-10-31 22:19:01,2017-10-31 22:19:01,List of fictional gynoids,AngusWOOF,0
2017-10-31 22:21:35,2017-10-31 22:21:35,List of fictional gynoids,AngusWOOF,0
2017-10-31 22:50:26,2017-10-31 22:50:26,List of fictional gynoids,AngusWOOF,0
2017-10-31 22:55:58,2017-10-31 22:55:58,List of fictional gynoids,AngusWOOF,0
2017-10-31 22:56:17,2017-10-31 22:56:17,List of fictional gynoids,AngusWOOF,0
2017-10-31 23:19:01,2017-10-31 23:19:01,List of fictional gynoids,AngusWOOF,0
2017-10-31 23:31:49,2017-10-31 23:31:49,List of fictional gynoids,AngusWOOF,0
2017-10-31 23:32:05,2017-10-31 23:32:05,List of fictional gynoids,AngusWOOF,0
2017-10-31 23:45:14,2017-10-31 23:45:14,List of fictional gynoids,AngusWOOF,0
2017-11-01 00:00:11,2017-11-01 00:00:11,List of fictional gynoids,AngusWOOF,0
2017-11-01 00:22:57,2017-11-01 00:22:57,List of fictional gynoids,AngusWOOF,0
2017-11-01 00:23:58,2017-11-01 00:23:58,List of fictional gynoids,AngusWOOF,0
2017-11-01 00:27:02,2017-11-01 00:27:02,List of fictional gynoids,AngusWOOF,0
2017-11-01 00:30:59,2017-11-01 00:30:59,List of fictional gynoids,AngusWOOF,0
2017-11-01 00:37:11,2017-11-01 00:37:11,List of fictional gynoids,AngusWOOF,0
2017-11-01 00:40:31,2017-11-01 00:40:31,List of fictional gynoids,AngusWOOF,0
2017-11-01 00:46:40,2017-11-01 00:46:40,List of fictional gynoids,AngusWOOF,0
2017-11-01 01:06:52,2017-11-01 01:06:52,List of fictional gynoids,AnomieBOT,1
2017-11-01 01:47:03,2017-11-01 01:47:03,List of fictional gynoids,Leschnei,0
2017-11-01 02:16:59,2017-11-01 02:16:59,List of fictional gynoids,AngusWOOF,0
2017-11-01 03:25:34,2017-11-01 03:25:34,List of fictional gynoids,AngusWOOF,0
2017-11-01 03:33:52,2017-11-01 03:33:52,List of fictional gynoids,AngusWOOF,0
2017-11-01 03:34:46,2017-11-01 03:34:46,List of fictional gynoids,AngusWOOF,0
2017-11-01 03:41:46,2017-11-01 03:41:46,List of fictional gynoids,AngusWOOF,0
2017-11-01 03:42:21,2017-11-01 03:42:21,List of fictional gynoids,AngusWOOF,0
2017-11-01 03:47:04,2017-11-01 03:47:04,List of fictional gynoids,AngusWOOF,0
2017-11-01 03:57:37,2017-11-01 03:57:37,List of fictional gynoids,AngusWOOF,0
2017-11-01 04:01:59,2017-11-01 04:01:59,List of fictional gynoids,AngusWOOF,0
2017-11-01 04:07:09,2017-11-01 04:07:09,List of fictional gynoids,AngusWOOF,0
2017-11-01 04:07:31,2017-11-01 04:07:31,List of fictional gynoids,AngusWOOF,0
2017-11-01 04:10:39,2017-11-01 04:10:39,List of fictional gynoids,AngusWOOF,0
2017-11-01 04:12:48,2017-11-01 04:12:48,List of fictional gynoids,AngusWOOF,0
2017-11-01 04:38:42,2017-11-01 04:38:42,List of fictional gynoids,AngusWOOF,0
2017-11-01 04:41:53,2017-11-01 04:41:53,List of fictional gynoids,AngusWOOF,0
2017-11-01 04:47:22,2017-11-01 04:47:22,List of fictional gynoids,AngusWOOF,0
2017-11-01 04:48:38,2017-11-01 04:48:38,List of fictional gynoids,AngusWOOF,0
2017-11-01 04:49:40,2017-11-01 04:49:40,List of fictional gynoids,AngusWOOF,0
2017-11-01 04:51:45,2017-11-01 04:51:45,List of fictional gynoids,AngusWOOF,0
2017-11-01 04:56:53,2017-11-01 04:56:53,List of fictional gynoids,AngusWOOF,0
2017-11-01 04:58:08,2017-11-01 04:58:08,List of fictional gynoids,AngusWOOF,0
2017-11-01 04:58:54,2017-11-01 04:58:54,List of fictional gynoids,AngusWOOF,0
2017-11-01 04:59:46,2017-11-01 04:59:46,List of fictional gynoids,AngusWOOF,0
2017-11-01 05:09:41,2017-11-01 05:09:41,List of fictional gynoids,AngusWOOF,0
2017-11-01 05:13:42,2017-11-01 05:13:42,List of fictional gynoids,AngusWOOF,0
2017-10-31 15:56:06,2017-10-31 15:56:06,Survivor Series (2017),194.230.222.44,0
2017-10-31 16:02:46,2017-10-31 16:02:46,Survivor Series (2017),ClassicOnAStick,0
2017-10-31 16:04:58,2017-10-31 16:04:58,Survivor Series (2017),76.1.241.71,0
2017-10-31 19:19:38,2017-10-31 19:19:38,Survivor Series (2017),81.156.96.107,0
2017-10-31 19:34:28,2017-10-31 19:34:28,Survivor Series (2017),Nickag989,0
2017-10-31 20:07:23,2017-10-31 20:07:23,Survivor Series (2017),31.205.222.108,0
2017-10-31 20:09:28,2017-10-31 20:09:28,Survivor Series (2017),JA617,0
2017-10-31 20:09:57,2017-10-31 20:09:57,Survivor Series (2017),JA617,0
2017-10-31 20:10:27,2017-10-31 20:10:27,Survivor Series (2017),2601:40A:4280:60C0:D3E:8E34:F9F7:DD50,0
2017-10-31 20:10:29,2017-10-31 20:10:29,Survivor Series (2017),JA617,0
2017-10-31 20:17:17,2017-10-31 20:17:17,Survivor Series (2017),197.42.162.67,0
2017-10-31 20:24:02,2017-10-31 20:24:02,Survivor Series (2017),2601:587:8200:3D28:99F:386C:2637:B975,0
2017-10-31 20:27:34,2017-10-31 20:27:34,Survivor Series (2017),2601:587:8200:3D28:99F:386C:2637:B975,0
2017-10-31 20:36:50,2017-10-31 20:36:50,Survivor Series (2017),2600:8801:3180:5760:213E:48E7:2EEC:606,0
2017-10-31 20:44:10,2017-10-31 20:44:10,Survivor Series (2017),JDC808,0
2017-10-31 20:55:44,2017-10-31 20:55:44,Survivor Series (2017),JDC808,0
2017-10-31 20:58:52,2017-10-31 20:58:52,Survivor Series (2017),JDC808,0
2017-10-31 21:01:46,2017-10-31 21:01:46,Survivor Series (2017),JDC808,0
2017-11-01 00:08:35,2017-11-01 00:08:35,Survivor Series (2017),137.124.118.92,0
2017-11-01 00:14:07,2017-11-01 00:14:07,Survivor Series (2017),Jayesh Solanki,0
2017-11-01 00:15:57,2017-11-01 00:15:57,Survivor Series (2017),174.96.98.190,0
2017-11-01 00:17:38,2017-11-01 00:17:38,Survivor Series (2017),Donnowin1,0
2017-11-01 00:18:28,2017-11-01 00:18:28,Survivor Series (2017),64.231.243.47,0
2017-11-01 00:21:14,2017-11-01 00:21:14,Survivor Series (2017),173.30.11.46,0
2017-11-01 00:22:21,2017-11-01 00:22:21,Survivor Series (2017),173.30.11.46,0
2017-11-01 00:23:45,2017-11-01 00:23:45,Survivor Series (2017),81.156.96.107,0
2017-11-01 00:24:15,2017-11-01 00:24:15,Survivor Series (2017),90.186.0.115,0
2017-11-01 00:25:57,2017-11-01 00:25:57,Survivor Series (2017),Donnowin1,0
2017-11-01 00:26:32,2017-11-01 00:26:32,Survivor Series (2017),Originalchampion,0
2017-11-01 00:26:56,2017-11-01 00:26:56,Survivor Series (2017),137.124.118.92,0
2017-11-01 00:27:58,2017-11-01 00:27:58,Survivor Series (2017),Matt Redesimis,0
2017-11-01 00:29:16,2017-11-01 00:29:16,Survivor Series (2017),L1amw90,0
2017-11-01 00:30:18,2017-11-01 00:30:18,Survivor Series (2017),64.179.43.38,0
2017-11-01 00:30:33,2017-11-01 00:30:33,Survivor Series (2017),Donnowin1,0
2017-11-01 01:06:47,2017-11-01 01:06:47,Survivor Series (2017),64.179.43.38,0
2017-11-01 01:07:13,2017-11-01 01:07:13,Survivor Series (2017),ClassicOnAStick,0
2017-11-01 01:07:54,2017-11-01 01:07:54,Survivor Series (2017),ClassicOnAStick,0
2017-11-01 01:14:36,2017-11-01 01:14:36,Survivor Series (2017),64.179.43.38,0
2017-11-01 01:14:58,2017-11-01 01:14:58,Survivor Series (2017),64.179.43.38,0
2017-11-01 01:16:01,2017-11-01 01:16:01,Survivor Series (2017),JA617,0
2017-11-01 01:33:21,2017-11-01 01:33:21,Survivor Series (2017),Epicneter,0
2017-11-01 01:44:10,2017-11-01 01:44:10,Survivor Series (2017),144.118.77.189,0
2017-11-01 01:44:27,2017-11-01 01:44:27,Survivor Series (2017),144.118.77.189,0
2017-11-01 01:45:55,2017-11-01 01:45:55,Survivor Series (2017),Donnowin1,0
2017-11-01 01:52:06,2017-11-01 01:52:06,Survivor Series (2017),173.206.156.31,0
2017-11-01 01:53:07,2017-11-01 01:53:07,Survivor Series (2017),Donnowin1,0
2017-11-01 01:53:53,2017-11-01 01:53:53,Survivor Series (2017),173.206.156.31,0
2017-11-01 01:53:54,2017-11-01 01:53:54,Survivor Series (2017),Donnowin1,0
2017-11-01 01:54:38,2017-11-01 01:54:38,Survivor Series (2017),64.179.43.38,0
2017-11-01 01:54:40,2017-11-01 01:54:40,Survivor Series (2017),Donnowin1,0
2017-11-01 01:54:52,2017-11-01 01:54:52,Survivor Series (2017),Donnowin1,0
2017-11-01 01:58:22,2017-11-01 01:58:22,Survivor Series (2017),137.124.118.92,0
2017-11-01 01:59:21,2017-11-01 01:59:21,Survivor Series (2017),137.124.118.92,0
2017-11-01 02:00:00,2017-11-01 02:00:00,Survivor Series (2017),ClassicOnAStick,0
2017-11-01 02:06:00,2017-11-01 02:06:00,Survivor Series (2017),180.150.127.185,0
2017-11-01 02:09:14,2017-11-01 02:09:14,Survivor Series (2017),187.122.124.161,0
2017-11-01 02:09:30,2017-11-01 02:09:30,Survivor Series (2017),187.122.124.161,0
2017-11-01 02:11:55,2017-11-01 02:11:55,Survivor Series (2017),Donnowin1,0
2017-11-01 02:12:40,2017-11-01 02:12:40,Survivor Series (2017),Donnowin1,0
2017-11-01 02:14:27,2017-11-01 02:14:27,Survivor Series (2017),DAndrewC,0
2017-11-01 02:14:38,2017-11-01 02:14:38,Survivor Series (2017),Donnowin1,0
2017-11-01 02:22:05,2017-11-01 02:22:05,Survivor Series (2017),The Ruler Of All Water,0
2017-11-01 02:24:58,2017-11-01 02:24:58,Survivor Series (2017),81.156.96.107,0
2017-11-01 02:25:00,2017-11-01 02:25:00,Survivor Series (2017),Donnowin1,0
2017-11-01 02:25:16,2017-11-01 02:25:16,Survivor Series (2017),Donnowin1,0
2017-11-01 02:25:17,2017-11-01 02:25:17,Survivor Series (2017),The Ruler Of All Water,0
2017-11-01 02:25:44,2017-11-01 02:25:44,Survivor Series (2017),Donnowin1,0
2017-11-01 02:26:34,2017-11-01 02:26:34,Survivor Series (2017),Donnowin1,0
2017-11-01 02:28:15,2017-11-01 02:28:15,Survivor Series (2017),96.242.213.177,0
2017-11-01 02:29:13,2017-11-01 02:29:13,Survivor Series (2017),96.242.213.177,0
2017-11-01 02:30:13,2017-11-01 02:30:13,Survivor Series (2017),JA617,0
2017-11-01 02:30:43,2017-11-01 02:30:43,Survivor Series (2017),JA617,0
2017-11-01 02:32:11,2017-11-01 02:32:11,Survivor Series (2017),Donnowin1,0
2017-11-01 02:32:57,2017-11-01 02:32:57,Survivor Series (2017),Donnowin1,0
2017-11-01 02:33:26,2017-11-01 02:33:26,Survivor Series (2017),DAndrewC,0
2017-11-01 02:36:16,2017-11-01 02:36:16,Survivor Series (2017),83.153.54.27,0
2017-11-01 02:37:15,2017-11-01 02:37:15,Survivor Series (2017),The Ruler Of All Water,0
2017-11-01 02:38:01,2017-11-01 02:38:01,Survivor Series (2017),The Ruler Of All Water,0
2017-11-01 02:38:48,2017-11-01 02:38:48,Survivor Series (2017),83.153.54.27,0
2017-11-01 02:39:50,2017-11-01 02:39:50,Survivor Series (2017),83.153.54.27,0
2017-11-01 02:42:28,2017-11-01 02:42:28,Survivor Series (2017),Donnowin1,0
2017-11-01 02:46:33,2017-11-01 02:46:33,Survivor Series (2017),JA617,0
2017-11-01 02:47:08,2017-11-01 02:47:08,Survivor Series (2017),JA617,0
2017-11-01 03:19:53,2017-11-01 03:19:53,Survivor Series (2017),The Ruler Of All Water,0
2017-11-01 04:02:57,2017-11-01 04:02:57,Survivor Series (2017),Hendo9,0
2017-11-01 04:05:06,2017-11-01 04:05:06,Survivor Series (2017),OfficiallyGoodenough,0
2017-11-01 04:09:05,2017-11-01 04:09:05,Survivor Series (2017),OfficiallyGoodenough,0
2017-11-01 04:11:04,2017-11-01 04:11:04,Survivor Series (2017),JA617,0
2017-11-01 04:12:13,2017-11-01 04:12:13,Survivor Series (2017),JA617,0
2017-11-01 04:13:20,2017-11-01 04:13:20,Survivor Series (2017),131.165.63.132,0
2017-11-01 04:14:03,2017-11-01 04:14:03,Survivor Series (2017),JA617,0
2017-11-01 04:14:51,2017-11-01 04:14:51,Survivor Series (2017),JA617,0
2017-11-01 04:15:07,2017-11-01 04:15:07,Survivor Series (2017),JA617,0
2017-11-01 04:16:57,2017-11-01 04:16:57,Survivor Series (2017),JA617,0
2017-11-01 04:17:22,2017-11-01 04:17:22,Survivor Series (2017),JA617,0
2017-11-01 04:44:52,2017-11-01 04:44:52,Survivor Series (2017),TheDeviantPro,0
2017-10-31 21:36:11,2017-10-31 21:36:11,Talk:2017 West Side Highway attack,Another Believer,0
2017-10-31 21:38:10,2017-10-31 21:38:10,Talk:2017 West Side Highway attack,173.54.215.179,0
2017-10-31 21:38:30,2017-10-31 21:38:30,Talk:2017 West Side Highway attack,173.54.215.179,0
2017-10-31 21:38:52,2017-10-31 21:38:52,Talk:2017 West Side Highway attack,PhilipTerryGraham,0
2017-10-31 21:39:49,2017-10-31 21:39:49,Talk:2017 West Side Highway attack,E.M.Gregory,0
2017-10-31 21:40:05,2017-10-31 21:40:05,Talk:2017 West Side Highway attack,Epicgenius,0
2017-10-31 21:42:54,2017-10-31 21:42:54,Talk:2017 West Side Highway attack,E.M.Gregory,0
2017-10-31 21:43:00,2017-10-31 21:43:00,Talk:2017 West Side Highway attack,PhilipTerryGraham,0
2017-10-31 21:44:09,2017-10-31 21:44:09,Talk:2017 West Side Highway attack,173.54.215.179,0
2017-10-31 21:44:32,2017-10-31 21:44:32,Talk:2017 West Side Highway attack,Epicgenius,0
2017-10-31 21:45:20,2017-10-31 21:45:20,Talk:2017 West Side Highway attack,173.54.215.179,0
2017-10-31 21:46:14,2017-10-31 21:46:14,Talk:2017 West Side Highway attack,PlanetDeadwing,0
2017-10-31 21:46:33,2017-10-31 21:46:33,Talk:2017 West Side Highway attack,Avilan01,0
2017-10-31 21:46:55,2017-10-31 21:46:55,Talk:2017 West Side Highway attack,Avilan01,0
2017-10-31 21:47:32,2017-10-31 21:47:32,Talk:2017 West Side Highway attack,173.54.215.179,0
2017-10-31 21:49:11,2017-10-31 21:49:11,Talk:2017 West Side Highway attack,173.54.215.179,0
2017-10-31 21:50:25,2017-10-31 21:50:25,Talk:2017 West Side Highway attack,173.54.215.179,0
2017-10-31 21:52:37,2017-10-31 21:52:37,Talk:2017 West Side Highway attack,RegentsPark,0
2017-10-31 21:54:49,2017-10-31 21:54:49,Talk:2017 West Side Highway attack,Abductive,0
2017-10-31 21:54:51,2017-10-31 21:54:51,Talk:2017 West Side Highway attack,Gaia Octavia Agrippa,0
2017-10-31 21:54:54,2017-10-31 21:54:54,Talk:2017 West Side Highway attack,Another Believer,0
2017-10-31 21:55:19,2017-10-31 21:55:19,Talk:2017 West Side Highway attack,JBergsma1,0
2017-10-31 21:55:48,2017-10-31 21:55:48,Talk:2017 West Side Highway attack,Gaia Octavia Agrippa,0
2017-10-31 21:55:49,2017-10-31 21:55:49,Talk:2017 West Side Highway attack,Another Believer,0
2017-10-31 21:56:03,2017-10-31 21:56:03,Talk:2017 West Side Highway attack,Abductive,0
2017-10-31 21:56:28,2017-10-31 21:56:28,Talk:2017 West Side Highway attack,JBergsma1,0
2017-10-31 21:56:40,2017-10-31 21:56:40,Talk:2017 West Side Highway attack,Abductive,0
2017-10-31 21:57:00,2017-10-31 21:57:00,Talk:2017 West Side Highway attack,E.M.Gregory,0
2017-10-31 21:57:17,2017-10-31 21:57:17,Talk:2017 West Side Highway attack,Another Believer,0
2017-10-31 21:58:56,2017-10-31 21:58:56,Talk:2017 West Side Highway attack,Jim Michael,0
2017-10-31 21:58:58,2017-10-31 21:58:58,Talk:2017 West Side Highway attack,Another Believer,0
2017-10-31 21:59:03,2017-10-31 21:59:03,Talk:2017 West Side Highway attack,JBergsma1,0
2017-10-31 21:59:14,2017-10-31 21:59:14,Talk:2017 West Side Highway attack,Jim Michael,0
2017-10-31 22:02:47,2017-10-31 22:02:47,Talk:2017 West Side Highway attack,Jim Michael,0
2017-10-31 22:03:45,2017-10-31 22:03:45,Talk:2017 West Side Highway attack,Jim Michael,0
2017-10-31 22:06:40,2017-10-31 22:06:40,Talk:2017 West Side Highway attack,ToxicOJ,0
2017-10-31 22:09:18,2017-10-31 22:09:18,Talk:2017 West Side Highway attack,ToxicOJ,0
2017-10-31 22:14:45,2017-10-31 22:14:45,Talk:2017 West Side Highway attack,Werldwayd,0
2017-10-31 22:15:33,2017-10-31 22:15:33,Talk:2017 West Side Highway attack,Another Believer,0
2017-10-31 22:17:05,2017-10-31 22:17:05,Talk:2017 West Side Highway attack,Werldwayd,0
2017-10-31 22:17:07,2017-10-31 22:17:07,Talk:2017 West Side Highway attack,Another Believer,0
2017-10-31 22:18:14,2017-10-31 22:18:14,Talk:2017 West Side Highway attack,Werldwayd,0
2017-10-31 22:18:49,2017-10-31 22:18:49,Talk:2017 West Side Highway attack,Werldwayd,0
2017-10-31 22:19:44,2017-10-31 22:19:44,Talk:2017 West Side Highway attack,Werldwayd,0
2017-10-31 22:23:31,2017-10-31 22:23:31,Talk:2017 West Side Highway attack,ToxicOJ,0
2017-10-31 22:28:14,2017-10-31 22:28:14,Talk:2017 West Side Highway attack,Werldwayd,0
2017-10-31 22:28:29,2017-10-31 22:28:29,Talk:2017 West Side Highway attack,E.M.Gregory,0
2017-10-31 22:31:12,2017-10-31 22:31:12,Talk:2017 West Side Highway attack,Lihaas,0
2017-10-31 22:32:13,2017-10-31 22:32:13,Talk:2017 West Side Highway attack,Werldwayd,0
2017-10-31 22:32:39,2017-10-31 22:32:39,Talk:2017 West Side Highway attack,Werldwayd,0
2017-10-31 22:32:58,2017-10-31 22:32:58,Talk:2017 West Side Highway attack,Werldwayd,0
2017-10-31 22:34:09,2017-10-31 22:34:09,Talk:2017 West Side Highway attack,Avilan01,0
2017-10-31 22:34:27,2017-10-31 22:34:27,Talk:2017 West Side Highway attack,Lihaas,0
2017-10-31 22:36:19,2017-10-31 22:36:19,Talk:2017 West Side Highway attack,E.M.Gregory,0
2017-10-31 22:36:26,2017-10-31 22:36:26,Talk:2017 West Side Highway attack,Crumpled Fire,0
2017-10-31 22:36:47,2017-10-31 22:36:47,Talk:2017 West Side Highway attack,ToxicOJ,0
2017-10-31 22:36:59,2017-10-31 22:36:59,Talk:2017 West Side Highway attack,ToxicOJ,0
2017-10-31 22:38:03,2017-10-31 22:38:03,Talk:2017 West Side Highway attack,ToxicOJ,0
2017-10-31 22:42:21,2017-10-31 22:42:21,Talk:2017 West Side Highway attack,ToxicOJ,0
2017-10-31 22:49:44,2017-10-31 22:49:44,Talk:2017 West Side Highway attack,Jade Phoenix Pence,0
2017-10-31 22:53:07,2017-10-31 22:53:07,Talk:2017 West Side Highway attack,RegentsPark,0
2017-10-31 22:55:41,2017-10-31 22:55:41,Talk:2017 West Side Highway attack,Jade Phoenix Pence,0
2017-10-31 22:56:06,2017-10-31 22:56:06,Talk:2017 West Side Highway attack,Jade Phoenix Pence,0
2017-10-31 22:58:13,2017-10-31 22:58:13,Talk:2017 West Side Highway attack,Codyorb,0
2017-10-31 22:58:49,2017-10-31 22:58:49,Talk:2017 West Side Highway attack,Codyorb,0
2017-10-31 23:00:14,2017-10-31 23:00:14,Talk:2017 West Side Highway attack,PhilipTerryGraham,0
2017-10-31 23:00:37,2017-10-31 23:00:37,Talk:2017 West Side Highway attack,PhilipTerryGraham,0
2017-10-31 23:01:12,2017-10-31 23:01:12,Talk:2017 West Side Highway attack,PhilipTerryGraham,0
2017-10-31 23:11:28,2017-10-31 23:11:28,Talk:2017 West Side Highway attack,Epicgenius,0
2017-10-31 23:15:35,2017-10-31 23:15:35,Talk:2017 West Side Highway attack,Jax 0677,0
2017-10-31 23:19:48,2017-10-31 23:19:48,Talk:2017 West Side Highway attack,Another Believer,0
2017-10-31 23:20:45,2017-10-31 23:20:45,Talk:2017 West Side Highway attack,Paris1127,0
2017-10-31 23:20:53,2017-10-31 23:20:53,Talk:2017 West Side Highway attack,Another Believer,0
2017-10-31 23:30:17,2017-10-31 23:30:17,Talk:2017 West Side Highway attack,Paris1127,0
2017-10-31 23:32:11,2017-10-31 23:32:11,Talk:2017 West Side Highway attack,Paris1127,0
2017-10-31 23:36:25,2017-10-31 23:36:25,Talk:2017 West Side Highway attack,Jr xander,0
2017-10-31 23:36:51,2017-10-31 23:36:51,Talk:2017 West Side Highway attack,Jr xander,0
2017-10-31 23:40:22,2017-10-31 23:40:22,Talk:2017 West Side Highway attack,Jr xander,0
2017-10-31 23:41:00,2017-10-31 23:41:00,Talk:2017 West Side Highway attack,Jr xander,0
2017-10-31 23:41:46,2017-10-31 23:41:46,Talk:2017 West Side Highway attack,Jr xander,0
2017-10-31 23:43:09,2017-10-31 23:43:09,Talk:2017 West Side Highway attack,Jr xander,0
2017-10-31 18:25:06,2017-10-31 18:25:06,World tour of Ulysses S. Grant,Cmguy777,0
2017-10-31 18:26:17,2017-10-31 18:26:17,World tour of Ulysses S. Grant,Cmguy777,0
2017-10-31 18:27:03,2017-10-31 18:27:03,World tour of Ulysses S. Grant,Cmguy777,0
2017-10-31 18:28:37,2017-10-31 18:28:37,World tour of Ulysses S. Grant,Cmguy777,0
2017-10-31 18:32:39,2017-10-31 18:32:39,World tour of Ulysses S. Grant,Gwillhickers,0
2017-10-31 18:35:29,2017-10-31 18:35:29,World tour of Ulysses S. Grant,Gwillhickers,0
2017-10-31 18:36:07,2017-10-31 18:36:07,World tour of Ulysses S. Grant,Gwillhickers,0
2017-10-31 18:36:29,2017-10-31 18:36:29,World tour of Ulysses S. Grant,Gwillhickers,0
2017-10-31 18:36:56,2017-10-31 18:36:56,World tour of Ulysses S. Grant,Gwillhickers,0
2017-10-31 18:38:42,2017-10-31 18:38:42,World tour of Ulysses S. Grant,Gwillhickers,0
2017-10-31 18:39:33,2017-10-31 18:39:33,World tour of Ulysses S. Grant,Gwillhickers,0
2017-10-31 18:43:17,2017-10-31 18:43:17,World tour of Ulysses S. Grant,Gwillhickers,0
2017-10-31 18:48:32,2017-10-31 18:48:32,World tour of Ulysses S. Grant,Gwillhickers,0
2017-10-31 19:08:16,2017-10-31 19:08:16,World tour of Ulysses S. Grant,Gwillhickers,0
2017-10-31 19:13:46,2017-10-31 19:13:46,World tour of Ulysses S. Grant,Gwillhickers,0
2017-10-31 19:15:52,2017-10-31 19:15:52,World tour of Ulysses S. Grant,Gwillhickers,0
2017-10-31 19:19:37,2017-10-31 19:19:37,World tour of Ulysses S. Grant,Gwillhickers,0
2017-10-31 19:19:49,2017-10-31 19:19:49,World tour of Ulysses S. Grant,Gwillhickers,0
2017-10-31 19:20:04,2017-10-31 19:20:04,World tour of Ulysses S. Grant,Gwillhickers,0
2017-10-31 19:20:26,2017-10-31 19:20:26,World tour of Ulysses S. Grant,Gwillhickers,0
2017-10-31 19:21:15,2017-10-31 19:21:15,World tour of Ulysses S. Grant,Gwillhickers,0
2017-10-31 21:18:27,2017-10-31 21:18:27,World tour of Ulysses S. Grant,Gwillhickers,0
2017-10-31 21:25:52,2017-10-31 21:25:52,World tour of Ulysses S. Grant,Gwillhickers,0
2017-10-31 21:27:56,2017-10-31 21:27:56,World tour of Ulysses S. Grant,Gwillhickers,0
2017-10-31 21:30:42,2017-10-31 21:30:42,World tour of Ulysses S. Grant,Gwillhickers,0
2017-10-31 21:31:54,2017-10-31 21:31:54,World tour of Ulysses S. Grant,Gwillhickers,0
2017-10-31 21:40:18,2017-10-31 21:40:18,World tour of Ulysses S. Grant,Gwillhickers,0
2017-10-31 22:01:09,2017-10-31 22:01:09,World tour of Ulysses S. Grant,Gwillhickers,0
2017-10-31 22:04:12,2017-10-31 22:04:12,World tour of Ulysses S. Grant,Gwillhickers,0
2017-11-01 00:08:08,2017-11-01 00:08:08,World tour of Ulysses S. Grant,Gwillhickers,0
2017-11-01 00:10:40,2017-11-01 00:10:40,World tour of Ulysses S. Grant,Gwillhickers,0
2017-11-01 00:14:50,2017-11-01 00:14:50,World tour of Ulysses S. Grant,Gwillhickers,0
2017-11-01 00:18:43,2017-11-01 00:18:43,World tour of Ulysses S. Grant,Gwillhickers,0
2017-11-01 00:19:31,2017-11-01 00:19:31,World tour of Ulysses S. Grant,Gwillhickers,0
2017-11-01 00:32:14,2017-11-01 00:32:14,World tour of Ulysses S. Grant,Gwillhickers,0
2017-11-01 00:34:18,2017-11-01 00:34:18,World tour of Ulysses S. Grant,Gwillhickers,0
2017-11-01 00:34:58,2017-11-01 00:34:58,World tour of Ulysses S. Grant,Gwillhickers,0
2017-11-01 00:35:56,2017-11-01 00:35:56,World tour of Ulysses S. Grant,Gwillhickers,0
2017-11-01 00:36:56,2017-11-01 00:36:56,World tour of Ulysses S. Grant,Gwillhickers,0
2017-11-01 00:40:27,2017-11-01 00:40:27,World tour of Ulysses S. Grant,Gwillhickers,0
2017-11-01 00:43:34,2017-11-01 00:43:34,World tour of Ulysses S. Grant,Gwillhickers,0
2017-11-01 00:49:16,2017-11-01 00:49:16,World tour of Ulysses S. Grant,Gwillhickers,0
2017-11-01 00:52:46,2017-11-01 00:52:46,World tour of Ulysses S. Grant,Gwillhickers,0
2017-11-01 00:53:11,2017-11-01 00:53:11,World tour of Ulysses S. Grant,Gwillhickers,0
2017-11-01 00:54:40,2017-11-01 00:54:40,World tour of Ulysses S. Grant,Gwillhickers,0
2017-11-01 00:58:54,2017-11-01 00:58:54,World tour of Ulysses S. Grant,Gwillhickers,0
2017-11-01 01:01:03,2017-11-01 01:01:03,World tour of Ulysses S. Grant,Gwillhickers,0
2017-11-01 01:02:41,2017-11-01 01:02:41,World tour of Ulysses S. Grant,Gwillhickers,0
2017-11-01 03:23:53,2017-11-01 03:23:53,World tour of Ulysses S. Grant,Cmguy777,0
2017-11-01 03:26:51,2017-11-01 03:26:51,World tour of Ulysses S. Grant,Cmguy777,0
2017-11-01 03:34:19,2017-11-01 03:34:19,World tour of Ulysses S. Grant,Gwillhickers,0
2017-11-01 03:35:04,2017-11-01 03:35:04,World tour of Ulysses S. Grant,Gwillhickers,0
2017-11-01 04:31:11,2017-11-01 04:31:11,World tour of Ulysses S. Grant,Gwillhickers,0
2017-11-01 04:37:30,2017-11-01 04:37:30,World tour of Ulysses S. Grant,Cmguy777,0
2017-11-01 05:03:14,2017-11-01 05:03:14,World tour of Ulysses S. Grant,Cmguy777,0
2017-11-01 05:06:01,2017-11-01 05:06:01,World tour of Ulysses S. Grant,Cmguy777,0
2017-11-01 05:07:07,2017-11-01 05:07:07,World tour of Ulysses S. Grant,Cmguy777,0
2017-11-01 05:09:35,2017-11-01 05:09:35,World tour of Ulysses S. Grant,Cmguy777,0
2017-11-01 05:13:32,2017-11-01 05:13:32,World tour of Ulysses S. Grant,Cmguy777,0
